module,nativeBodyBytes,codeEntries
/home/eduapaul/repos/PaperDotNet/artifacts/memory-analysis/final-host/Microsoft.EntityFrameworkCore.dll,4086751,10484
/home/eduapaul/repos/PaperDotNet/artifacts/memory-analysis/final-host/Microsoft.EntityFrameworkCore.Relational.dll,3166010,6053
/usr/lib/dotnet/shared/Microsoft.NETCore.App/10.0.12/System.Private.CoreLib.dll,2552981,11348
/home/eduapaul/repos/PaperDotNet/artifacts/memory-analysis/final-host/PaperDotNet.Migrations.Sqlite.dll,1476066,1919
Anonymously Hosted DynamicMethods Assembly,1158923,3865
/home/eduapaul/repos/PaperDotNet/artifacts/memory-analysis/final-host/PaperDotNet.Lists.dll,1084910,1690
/usr/lib/dotnet/shared/Microsoft.NETCore.App/10.0.12/System.Text.Json.dll,889670,2773
/usr/lib/dotnet/shared/Microsoft.NETCore.App/10.0.12/System.Linq.dll,864505,2007
/usr/lib/dotnet/shared/Microsoft.NETCore.App/10.0.12/System.Linq.Expressions.dll,644391,1054
/home/eduapaul/repos/PaperDotNet/artifacts/memory-analysis/final-host/Wolverine.dll,592446,1799
/home/eduapaul/repos/PaperDotNet/artifacts/memory-analysis/final-host/Microsoft.OData.Core.dll,428930,1184
/home/eduapaul/repos/PaperDotNet/artifacts/memory-analysis/final-host/OpenIddict.Server.dll,318995,1407
/usr/lib/dotnet/shared/Microsoft.AspNetCore.App/10.0.12/Microsoft.AspNetCore.Server.Kestrel.Core.dll,278634,429
/home/eduapaul/repos/PaperDotNet/artifacts/memory-analysis/final-host/PaperDotNet.Search.dll,274390,420
/home/eduapaul/repos/PaperDotNet/artifacts/memory-analysis/final-host/Microsoft.EntityFrameworkCore.Sqlite.dll,248993,588
/usr/lib/dotnet/shared/Microsoft.NETCore.App/10.0.12/System.Collections.Concurrent.dll,235065,522
/home/eduapaul/repos/PaperDotNet/artifacts/memory-analysis/final-host/Microsoft.Data.Sqlite.dll,232501,656
/home/eduapaul/repos/PaperDotNet/artifacts/memory-analysis/final-host/Microsoft.OData.Edm.dll,225163,889
/usr/lib/dotnet/shared/Microsoft.AspNetCore.App/10.0.12/Microsoft.Extensions.DependencyInjection.dll,196103,365
/home/eduapaul/repos/PaperDotNet/artifacts/memory-analysis/final-host/JasperFx.dll,176009,568
/home/eduapaul/repos/PaperDotNet/artifacts/memory-analysis/final-host/OpenIddict.Validation.dll,141948,592
/usr/lib/dotnet/shared/Microsoft.NETCore.App/10.0.12/System.Collections.Immutable.dll,140035,451
/home/eduapaul/repos/PaperDotNet/artifacts/memory-analysis/final-host/PaperDotNet.Identity.dll,124859,307
/home/eduapaul/repos/PaperDotNet/artifacts/memory-analysis/final-host/OpenIddict.Core.dll,112776,145
/home/eduapaul/repos/PaperDotNet/artifacts/memory-analysis/final-host/Wolverine.RDBMS.dll,108040,205
/usr/lib/dotnet/shared/Microsoft.NETCore.App/10.0.12/System.Private.Uri.dll,95109,144
/home/eduapaul/repos/PaperDotNet/artifacts/memory-analysis/final-host/PaperDotNet.Notifications.dll,89650,60
/home/eduapaul/repos/PaperDotNet/artifacts/memory-analysis/final-host/PaperDotNet.Workflows.dll,85408,104
/home/eduapaul/repos/PaperDotNet/artifacts/memory-analysis/final-host/OpenTelemetry.dll,75266,305
/usr/lib/dotnet/shared/Microsoft.NETCore.App/10.0.12/System.Diagnostics.DiagnosticSource.dll,74558,275
/home/eduapaul/repos/PaperDotNet/artifacts/memory-analysis/final-host/OpenTelemetry.Instrumentation.AspNetCore.dll,73848,153
/home/eduapaul/repos/PaperDotNet/artifacts/memory-analysis/final-host/PaperDotNet.Notes.dll,72273,64
/home/eduapaul/repos/PaperDotNet/artifacts/memory-analysis/final-host/PaperDotNet.Persistence.dll,71294,188
/usr/lib/dotnet/shared/Microsoft.AspNetCore.App/10.0.12/Microsoft.AspNetCore.Routing.dll,70215,80
/home/eduapaul/repos/PaperDotNet/artifacts/memory-analysis/final-host/OpenIddict.EntityFrameworkCore.dll,70206,101
/home/eduapaul/repos/PaperDotNet/artifacts/memory-analysis/final-host/OpenIddict.Server.AspNetCore.dll,70080,184
/home/eduapaul/repos/PaperDotNet/artifacts/memory-analysis/final-host/PaperDotNet.Workspaces.dll,69534,113
/home/eduapaul/repos/PaperDotNet/artifacts/memory-analysis/final-host/OpenIddict.Abstractions.dll,67175,204
/home/eduapaul/repos/PaperDotNet/artifacts/memory-analysis/final-host/OpenIddict.Validation.AspNetCore.dll,66177,125
/home/eduapaul/repos/PaperDotNet/artifacts/memory-analysis/final-host/Finbuckle.MultiTenant.dll,64460,159
/home/eduapaul/repos/PaperDotNet/artifacts/memory-analysis/final-host/Weasel.Sqlite.dll,64008,193
/usr/lib/dotnet/shared/Microsoft.NETCore.App/10.0.12/System.Collections.dll,58356,287
/home/eduapaul/repos/PaperDotNet/artifacts/memory-analysis/final-host/PaperDotNet.Tenancy.dll,58030,154
/home/eduapaul/repos/PaperDotNet/artifacts/memory-analysis/final-host/Weasel.Core.dll,56862,270
/usr/lib/dotnet/shared/Microsoft.AspNetCore.App/10.0.12/Microsoft.AspNetCore.Http.dll,56227,162
/usr/lib/dotnet/shared/Microsoft.NETCore.App/10.0.12/System.Security.Cryptography.dll,51153,120
/home/eduapaul/repos/PaperDotNet/artifacts/memory-analysis/final-host/PaperDotNet.Collaboration.dll,49807,96
/home/eduapaul/repos/PaperDotNet/artifacts/memory-analysis/final-host/PaperDotNet.Documents.dll,49405,58
/usr/lib/dotnet/shared/Microsoft.AspNetCore.App/10.0.12/Microsoft.AspNetCore.Authorization.dll,48516,71
/usr/lib/dotnet/shared/Microsoft.AspNetCore.App/10.0.12/System.Threading.RateLimiting.dll,47080,106
/usr/lib/dotnet/shared/Microsoft.NETCore.App/10.0.12/System.Net.Sockets.dll,47005,86
/home/eduapaul/repos/PaperDotNet/artifacts/memory-analysis/final-host/PaperDotNet.Tasks.dll,46811,92
/usr/lib/dotnet/shared/Microsoft.NETCore.App/10.0.12/System.IO.Pipelines.dll,46157,133
/home/eduapaul/repos/PaperDotNet/artifacts/memory-analysis/final-host/Microsoft.Extensions.Caching.Hybrid.dll,43755,165
/usr/lib/dotnet/shared/Microsoft.NETCore.App/10.0.12/System.Linq.Queryable.dll,42340,50
/home/eduapaul/repos/PaperDotNet/artifacts/memory-analysis/final-host/paperdotnet.dll,42124,113
/usr/lib/dotnet/shared/Microsoft.AspNetCore.App/10.0.12/Microsoft.AspNetCore.Http.Extensions.dll,41622,111
/home/eduapaul/repos/PaperDotNet/artifacts/memory-analysis/final-host/SQLitePCLRaw.core.dll,40424,229
/home/eduapaul/repos/PaperDotNet/artifacts/memory-analysis/final-host/PaperDotNet.Persistence.Sqlite.dll,40082,97
/home/eduapaul/repos/PaperDotNet/artifacts/memory-analysis/final-host/PaperDotNet.Messaging.dll,39118,74
/usr/lib/dotnet/shared/Microsoft.AspNetCore.App/10.0.12/Microsoft.AspNetCore.Http.Results.dll,38942,32
/home/eduapaul/repos/PaperDotNet/artifacts/memory-analysis/final-host/Wolverine.Sqlite.dll,37252,66
/home/eduapaul/repos/PaperDotNet/artifacts/memory-analysis/final-host/Microsoft.IdentityModel.Tokens.dll,36002,435
/home/eduapaul/repos/PaperDotNet/artifacts/memory-analysis/final-host/PaperDotNet.Api.dll,35208,95
/usr/lib/dotnet/shared/Microsoft.AspNetCore.App/10.0.12/Microsoft.AspNetCore.Server.Kestrel.Transport.Sockets.dll,33946,43
/usr/lib/dotnet/shared/Microsoft.AspNetCore.App/10.0.12/Microsoft.AspNetCore.Hosting.dll,33822,27
/usr/lib/dotnet/shared/Microsoft.AspNetCore.App/10.0.12/Microsoft.AspNetCore.DataProtection.dll,32242,49
/home/eduapaul/repos/PaperDotNet/artifacts/memory-analysis/final-host/Microsoft.AspNetCore.Identity.EntityFrameworkCore.dll,32103,47
/home/eduapaul/repos/PaperDotNet/artifacts/memory-analysis/final-host/OpenIddict.Validation.DataProtection.dll,31868,60
/usr/lib/dotnet/shared/Microsoft.AspNetCore.App/10.0.12/Microsoft.AspNetCore.Authorization.Policy.dll,26748,16
/usr/lib/dotnet/shared/Microsoft.AspNetCore.App/10.0.12/Microsoft.Net.Http.Headers.dll,26686,34
/usr/lib/dotnet/shared/Microsoft.NETCore.App/10.0.12/System.Data.Common.dll,26501,86
/usr/lib/dotnet/shared/Microsoft.AspNetCore.App/10.0.12/Microsoft.Extensions.Logging.Abstractions.dll,26204,140
/home/eduapaul/repos/PaperDotNet/artifacts/memory-analysis/final-host/EFCore.NamingConventions.dll,26031,62
/home/eduapaul/repos/PaperDotNet/artifacts/memory-analysis/final-host/Wolverine.EntityFrameworkCore.dll,26009,58
/usr/lib/dotnet/shared/Microsoft.AspNetCore.App/10.0.12/Microsoft.AspNetCore.Authentication.dll,25161,41
/home/eduapaul/repos/PaperDotNet/artifacts/memory-analysis/final-host/PaperDotNet.Taxonomy.dll,24827,60
/usr/lib/dotnet/shared/Microsoft.AspNetCore.App/10.0.12/Microsoft.AspNetCore.Http.Abstractions.dll,23787,71
/usr/lib/dotnet/shared/Microsoft.NETCore.App/10.0.12/System.Private.Xml.dll,23142,36
/home/eduapaul/repos/PaperDotNet/artifacts/memory-analysis/final-host/SQLitePCLRaw.provider.e_sqlite3.dll,22793,100
/usr/lib/dotnet/shared/Microsoft.NETCore.App/10.0.12/System.Memory.dll,22601,141
/home/eduapaul/repos/PaperDotNet/artifacts/memory-analysis/final-host/OpenTelemetry.Api.dll,21580,80
/home/eduapaul/repos/PaperDotNet/artifacts/memory-analysis/final-host/Finbuckle.MultiTenant.AspNetCore.dll,21137,30
/usr/lib/dotnet/shared/Microsoft.AspNetCore.App/10.0.12/Microsoft.AspNetCore.RateLimiting.dll,19311,28
/home/eduapaul/repos/PaperDotNet/artifacts/memory-analysis/final-host/Microsoft.Extensions.Http.Resilience.dll,18713,59
/home/eduapaul/repos/PaperDotNet/artifacts/memory-analysis/final-host/PaperDotNet.Jobs.dll,18207,47
/home/eduapaul/repos/PaperDotNet/artifacts/memory-analysis/final-host/PaperDotNet.Lists.Contracts.dll,17811,280
/usr/lib/dotnet/shared/Microsoft.AspNetCore.App/10.0.12/Microsoft.AspNetCore.Authentication.Core.dll,17379,26
/usr/lib/dotnet/shared/Microsoft.NETCore.App/10.0.12/System.Security.Claims.dll,16397,59
/home/eduapaul/repos/PaperDotNet/artifacts/memory-analysis/final-host/OpenIddict.Server.DataProtection.dll,16304,43
/usr/lib/dotnet/shared/Microsoft.AspNetCore.App/10.0.12/Microsoft.AspNetCore.Authentication.Abstractions.dll,16184,45
/usr/lib/dotnet/shared/Microsoft.NETCore.App/10.0.12/System.Threading.Channels.dll,16128,44
/usr/lib/dotnet/shared/Microsoft.AspNetCore.App/10.0.12/Microsoft.Extensions.Features.dll,15472,96
/usr/lib/dotnet/shared/Microsoft.AspNetCore.App/10.0.12/Microsoft.Extensions.Caching.Memory.dll,15342,31
/usr/lib/dotnet/shared/Microsoft.AspNetCore.App/10.0.12/Microsoft.Extensions.DependencyInjection.Abstractions.dll,15328,22
/usr/lib/dotnet/shared/Microsoft.AspNetCore.App/10.0.12/Microsoft.Extensions.Logging.dll,15276,40
/usr/lib/dotnet/shared/Microsoft.AspNetCore.App/10.0.12/Microsoft.Extensions.Identity.Core.dll,14661,18
/home/eduapaul/repos/PaperDotNet/artifacts/memory-analysis/final-host/PaperDotNet.Calendar.dll,14169,37
/home/eduapaul/repos/PaperDotNet/artifacts/memory-analysis/final-host/Cronos.dll,12642,42
/home/eduapaul/repos/PaperDotNet/artifacts/memory-analysis/final-host/OpenTelemetry.Instrumentation.Http.dll,11649,47
/usr/lib/dotnet/shared/Microsoft.AspNetCore.App/10.0.12/Microsoft.Extensions.Logging.Console.dll,11142,14
/usr/lib/dotnet/shared/Microsoft.AspNetCore.App/10.0.12/Microsoft.Extensions.Logging.EventSource.dll,10904,11
/home/eduapaul/repos/PaperDotNet/artifacts/memory-analysis/final-host/PaperDotNet.ExtensionHost.dll,10019,22
/home/eduapaul/repos/PaperDotNet/artifacts/memory-analysis/final-host/PaperDotNet.Abstractions.dll,9210,79
/usr/lib/dotnet/shared/Microsoft.AspNetCore.App/10.0.12/Microsoft.AspNetCore.Diagnostics.dll,8858,8
/home/eduapaul/repos/PaperDotNet/artifacts/memory-analysis/final-host/PaperDotNet.Provisioning.dll,7082,16
/home/eduapaul/repos/PaperDotNet/artifacts/memory-analysis/final-host/NewId.dll,6782,38
/usr/lib/dotnet/shared/Microsoft.NETCore.App/10.0.12/System.Text.Encodings.Web.dll,6671,19
/home/eduapaul/repos/PaperDotNet/artifacts/memory-analysis/final-host/PaperDotNet.AiWorkflows.dll,6521,33
/home/eduapaul/repos/PaperDotNet/artifacts/memory-analysis/final-host/PaperDotNet.Storage.dll,6438,29
/usr/lib/dotnet/shared/Microsoft.NETCore.App/10.0.12/System.ComponentModel.TypeConverter.dll,6330,17
/usr/lib/dotnet/shared/Microsoft.AspNetCore.App/10.0.12/Microsoft.Extensions.Diagnostics.dll,6296,12
/home/eduapaul/repos/PaperDotNet/artifacts/memory-analysis/final-host/Microsoft.IdentityModel.JsonWebTokens.dll,5930,7
/home/eduapaul/repos/PaperDotNet/artifacts/memory-analysis/final-host/Microsoft.AspNetCore.OpenApi.dll,5806,29
/usr/lib/dotnet/shared/Microsoft.AspNetCore.App/10.0.12/Microsoft.Extensions.Caching.Abstractions.dll,5711,19
/home/eduapaul/repos/PaperDotNet/artifacts/memory-analysis/final-host/PaperDotNet.AI.dll,5635,14
/home/eduapaul/repos/PaperDotNet/artifacts/memory-analysis/final-host/ModelContextProtocol.AspNetCore.dll,5549,27
/home/eduapaul/repos/PaperDotNet/artifacts/memory-analysis/final-host/Finbuckle.MultiTenant.Abstractions.dll,5433,48
/home/eduapaul/repos/PaperDotNet/artifacts/memory-analysis/final-host/PaperDotNet.ServiceDefaults.dll,5170,24
/usr/lib/dotnet/shared/Microsoft.AspNetCore.App/10.0.12/Microsoft.Extensions.Options.dll,4765,8
/usr/lib/dotnet/shared/Microsoft.NETCore.App/10.0.12/System.ComponentModel.Annotations.dll,4452,11
/usr/lib/dotnet/shared/Microsoft.NETCore.App/10.0.12/System.Net.Quic.dll,4309,1
/usr/lib/dotnet/shared/Microsoft.AspNetCore.App/10.0.12/Microsoft.Extensions.Primitives.dll,4264,48
/home/eduapaul/repos/PaperDotNet/artifacts/memory-analysis/final-host/Microsoft.AspNetCore.DataProtection.EntityFrameworkCore.dll,4039,24
/home/eduapaul/repos/PaperDotNet/artifacts/memory-analysis/final-host/OpenTelemetry.Api.ProviderBuilderExtensions.dll,3834,42
/usr/lib/dotnet/shared/Microsoft.AspNetCore.App/10.0.12/Microsoft.AspNetCore.HostFiltering.dll,3794,6
/usr/lib/dotnet/shared/Microsoft.NETCore.App/10.0.12/System.Transactions.Local.dll,3558,14
/usr/lib/dotnet/shared/Microsoft.NETCore.App/10.0.12/System.Net.Primitives.dll,3480,18
/usr/lib/dotnet/shared/Microsoft.AspNetCore.App/10.0.12/Microsoft.Extensions.Logging.Debug.dll,3457,11
/home/eduapaul/repos/PaperDotNet/artifacts/memory-analysis/final-host/Polly.Extensions.dll,3307,15
/usr/lib/dotnet/shared/Microsoft.AspNetCore.App/10.0.12/Microsoft.AspNetCore.WebUtilities.dll,3290,10
/home/eduapaul/repos/PaperDotNet/artifacts/memory-analysis/final-host/PaperDotNet.Search.Contracts.dll,2410,54
/usr/lib/dotnet/shared/Microsoft.AspNetCore.App/10.0.12/Microsoft.AspNetCore.DataProtection.Abstractions.dll,2387,2
/home/eduapaul/repos/PaperDotNet/artifacts/memory-analysis/final-host/Polly.Core.dll,2276,30
/usr/lib/dotnet/shared/Microsoft.AspNetCore.App/10.0.12/Microsoft.Extensions.Identity.Stores.dll,2267,37
/home/eduapaul/repos/PaperDotNet/artifacts/memory-analysis/final-host/OpenIddict.EntityFrameworkCore.Models.dll,1932,42
/home/eduapaul/repos/PaperDotNet/artifacts/memory-analysis/final-host/OpenIddict.Validation.ServerIntegration.dll,1818,5
/home/eduapaul/repos/PaperDotNet/artifacts/memory-analysis/final-host/PaperDotNet.Workspaces.Contracts.dll,1763,11
/home/eduapaul/repos/PaperDotNet/artifacts/memory-analysis/final-host/PaperDotNet.Mcp.dll,1565,7
/home/eduapaul/repos/PaperDotNet/artifacts/memory-analysis/final-host/PaperDotNet.Extensions.Abstractions.dll,1465,5
/home/eduapaul/repos/PaperDotNet/artifacts/memory-analysis/final-host/Microsoft.IdentityModel.Logging.dll,1418,14
/usr/lib/dotnet/shared/Microsoft.NETCore.App/10.0.12/System.ComponentModel.Primitives.dll,1347,8
/home/eduapaul/repos/PaperDotNet/artifacts/memory-analysis/final-host/PaperDotNet.Workflows.Contracts.dll,1277,23
/usr/lib/dotnet/shared/Microsoft.NETCore.App/10.0.12/System.Text.RegularExpressions.dll,1247,4
/home/eduapaul/repos/PaperDotNet/artifacts/memory-analysis/final-host/OpenTelemetry.Extensions.Hosting.dll,1125,12
/usr/lib/dotnet/shared/Microsoft.AspNetCore.App/10.0.12/Microsoft.Extensions.ObjectPool.dll,980,5
/home/eduapaul/repos/PaperDotNet/artifacts/memory-analysis/final-host/ModelContextProtocol.dll,844,9
/home/eduapaul/repos/PaperDotNet/artifacts/memory-analysis/final-host/Microsoft.IdentityModel.Protocols.dll,703,4
/home/eduapaul/repos/PaperDotNet/artifacts/memory-analysis/final-host/OpenTelemetry.Instrumentation.Runtime.dll,607,5
/home/eduapaul/repos/PaperDotNet/artifacts/memory-analysis/final-host/Microsoft.Extensions.Diagnostics.ExceptionSummarization.dll,541,6
/home/eduapaul/repos/PaperDotNet/artifacts/memory-analysis/final-host/PaperDotNet.Audit.dll,502,3
/home/eduapaul/repos/PaperDotNet/artifacts/memory-analysis/final-host/PaperDotNet.Jobs.Contracts.dll,460,5
/usr/lib/dotnet/shared/Microsoft.AspNetCore.App/10.0.12/Microsoft.Extensions.Logging.Configuration.dll,300,3
/usr/lib/dotnet/shared/Microsoft.AspNetCore.App/10.0.12/Microsoft.AspNetCore.Cryptography.Internal.dll,271,4
/home/eduapaul/repos/PaperDotNet/artifacts/memory-analysis/final-host/PaperDotNet.Identity.Contracts.dll,269,6
/home/eduapaul/repos/PaperDotNet/artifacts/memory-analysis/final-host/PaperDotNet.Tenancy.Contracts.dll,237,4
/home/eduapaul/repos/PaperDotNet/artifacts/memory-analysis/final-host/Npgsql.OpenTelemetry.dll,194,2
/home/eduapaul/repos/PaperDotNet/artifacts/memory-analysis/final-host/Microsoft.IdentityModel.Abstractions.dll,190,6
/home/eduapaul/repos/PaperDotNet/artifacts/memory-analysis/final-host/Polly.RateLimiting.dll,162,2
/usr/lib/dotnet/shared/Microsoft.AspNetCore.App/10.0.12/Microsoft.Extensions.Configuration.Binder.dll,135,1
/home/eduapaul/repos/PaperDotNet/artifacts/memory-analysis/final-host/Microsoft.EntityFrameworkCore.Abstractions.dll,63,3
/home/eduapaul/repos/PaperDotNet/artifacts/memory-analysis/final-host/SQLitePCLRaw.batteries_v2.dll,62,1
